record_type,ledger_index,regime,interval_s,tx_count,send_spacing_s,policy,t95_propagation_s,num_sends,estimated_bandwidth_bps,reachability,network_load_index,queueing_load_scale_s,queueing_fanout_exponent
workload,100001.0,NORMAL,2.8195182853779586,6.0,0.4699197142296598,,,,,,,,
workload,100002.0,NORMAL,3.043072713512319,5.0,0.6086145427024638,,,,,,,,
workload,100003.0,STRESSED,3.2317095593880665,17.0,0.19010056231694508,,,,,,,,
workload,100004.0,NORMAL,2.4537923572008555,12.0,0.20448269643340464,,,,,,,,
workload,100005.0,STRESSED,3.1959536508478283,33.0,0.09684708032872207,,,,,,,,
workload,100006.0,STRESSED,2.7056098958010657,24.0,0.11273374565837774,,,,,,,,
workload,100007.0,NORMAL,3.020474795724784,9.0,0.3356083106360871,,,,,,,,
workload,100008.0,NORMAL,2.504999298937519,14.0,0.17892852135267992,,,,,,,,
workload,100009.0,STRESSED,2.9238492720450067,17.0,0.17199113364970628,,,,,,,,
workload,100010.0,STRESSED,3.3729236884450664,24.0,0.14053848701854443,,,,,,,,
workload,100011.0,STRESSED,4.643630836740536,17.0,0.2731547551023845,,,,,,,,
workload,100012.0,STRESSED,2.72786951997293,27.0,0.10103220444344185,,,,,,,,
workload,100013.0,NORMAL,2.6813658362216213,7.0,0.3830522623173745,,,,,,,,
workload,100014.0,NORMAL,2.939005134737804,12.0,0.24491709456148367,,,,,,,,
workload,100015.0,NORMAL,2.361876852737857,11.0,0.21471607752162336,,,,,,,,
workload,100016.0,NORMAL,2.795076170827743,9.0,0.31056401898086033,,,,,,,,
workload,100017.0,NORMAL,3.017930867490335,10.0,0.3017930867490335,,,,,,,,
workload,100018.0,NORMAL,2.7404153276263865,10.0,0.27404153276263865,,,,,,,,
workload,100019.0,NORMAL,2.2822032215532326,8.0,0.2852754026941541,,,,,,,,
workload,100020.0,NORMAL,2.517671982845281,8.0,0.31470899785566014,,,,,,,,
workload,100021.0,NORMAL,2.4500299920060034,13.0,0.18846384553892334,,,,,,,,
workload,100022.0,NORMAL,2.61121021141539,10.0,0.261121021141539,,,,,,,,
workload,100023.0,NORMAL,2.960467483779791,12.0,0.2467056236483159,,,,,,,,
workload,100024.0,NORMAL,2.5715730281587814,12.0,0.21429775234656512,,,,,,,,
workload,100025.0,NORMAL,2.3324463238682687,6.0,0.38874105397804476,,,,,,,,
workload,100026.0,NORMAL,2.885387739260057,9.0,0.32059863769556185,,,,,,,,
workload,100027.0,NORMAL,2.5824270723349327,10.0,0.2582427072334933,,,,,,,,
workload,100028.0,NORMAL,2.61922485003676,11.0,0.23811135000334183,,,,,,,,
workload,100029.0,NORMAL,2.602398548473255,8.0,0.32529981855915685,,,,,,,,
workload,100030.0,NORMAL,2.8818622440294055,8.0,0.3602327805036757,,,,,,,,
workload,100031.0,NORMAL,2.879710012772449,11.0,0.2617918193429499,,,,,,,,
workload,100032.0,NORMAL,2.6863455593600643,8.0,0.33579319492000803,,,,,,,,
workload,100033.0,NORMAL,2.2200281321089284,5.0,0.44400562642178565,,,,,,,,
workload,100034.0,NORMAL,2.4116963527115156,10.0,0.24116963527115157,,,,,,,,
workload,100035.0,NORMAL,2.597684557694953,14.0,0.18554889697821092,,,,,,,,
workload,100036.0,NORMAL,2.9698215541032615,7.0,0.42426022201475166,,,,,,,,
workload,100037.0,NORMAL,2.4254021687213143,8.0,0.3031752710901643,,,,,,,,
workload,100038.0,NORMAL,2.2094012455736403,11.0,0.20085465868851274,,,,,,,,
workload,100039.0,NORMAL,2.531221532314378,5.0,0.5062443064628755,,,,,,,,
workload,100040.0,NORMAL,2.550937337374693,10.0,0.2550937337374693,,,,,,,,
workload,100041.0,NORMAL,3.2943651113921075,8.0,0.41179563892401344,,,,,,,,
workload,100042.0,NORMAL,2.7773939950222117,10.0,0.27773939950222115,,,,,,,,
workload,100043.0,NORMAL,3.0048070296715452,10.0,0.3004807029671545,,,,,,,,
workload,100044.0,NORMAL,2.3569029160552413,7.0,0.3367004165793202,,,,,,,,
workload,100045.0,STRESSED,2.944191467986288,11.0,0.2676537698169353,,,,,,,,
workload,100046.0,STRESSED,3.03435813506547,10.0,0.303435813506547,,,,,,,,
workload,100047.0,STRESSED,3.341542385766318,29.0,0.11522559950918337,,,,,,,,
workload,100048.0,STRESSED,5.336101039546632,24.0,0.222337543314443,,,,,,,,
workload,100049.0,STRESSED,2.1516428561062257,23.0,0.09354968939592286,,,,,,,,
workload,100050.0,STRESSED,2.930683561230446,15.0,0.1953789040820297,,,,,,,,
workload,100051.0,NORMAL,3.089216897913206,10.0,0.3089216897913206,,,,,,,,
workload,100052.0,NORMAL,2.4006068262401454,5.0,0.48012136524802906,,,,,,,,
workload,100053.0,NORMAL,2.7007947833620354,17.0,0.15887028137423737,,,,,,,,
workload,100054.0,NORMAL,3.0585126671779883,8.0,0.38231408339724854,,,,,,,,
workload,100055.0,NORMAL,2.4210128569391043,7.0,0.3458589795627292,,,,,,,,
workload,100056.0,NORMAL,2.4631317231727627,12.0,0.20526097693106357,,,,,,,,
workload,100057.0,NORMAL,3.0397909954104283,10.0,0.30397909954104285,,,,,,,,
workload,100058.0,NORMAL,2.7050178113077847,7.0,0.3864311159011121,,,,,,,,
workload,100059.0,NORMAL,2.573847812077869,6.0,0.42897463534631153,,,,,,,,
workload,100060.0,BURST,2.1913495426213183,107.0,0.020479902267488956,,,,,,,,
workload,100061.0,BURST,2.067359801091552,52.0,0.039756919251760614,,,,,,,,
workload,100062.0,NORMAL,2.7907933218488585,8.0,0.3488491652311073,,,,,,,,
workload,100063.0,NORMAL,2.8617999288124287,15.0,0.19078666192082858,,,,,,,,
workload,100064.0,NORMAL,2.346825857475788,6.0,0.39113764291263137,,,,,,,,
workload,100065.0,NORMAL,3.3429039872631163,8.0,0.41786299840788954,,,,,,,,
workload,100066.0,NORMAL,3.239352017063265,6.0,0.5398920028438775,,,,,,,,
workload,100067.0,NORMAL,2.9364436766561317,8.0,0.36705545958201646,,,,,,,,
workload,100068.0,NORMAL,2.665487192027072,10.0,0.26654871920270723,,,,,,,,
workload,100069.0,NORMAL,2.7479912461722997,11.0,0.2498173860156636,,,,,,,,
workload,100070.0,NORMAL,2.7024365493882976,7.0,0.38606236419832823,,,,,,,,
workload,100071.0,NORMAL,2.446410176496901,8.0,0.3058012720621126,,,,,,,,
workload,100072.0,NORMAL,2.318297021942808,9.0,0.25758855799364533,,,,,,,,
workload,100073.0,NORMAL,2.882395451697926,8.0,0.36029943146224075,,,,,,,,
workload,100074.0,NORMAL,3.0658686510411357,11.0,0.27871533191283054,,,,,,,,
workload,100075.0,STRESSED,3.071570449079521,15.0,0.20477136327196807,,,,,,,,
workload,100076.0,NORMAL,2.7985449319664535,10.0,0.27985449319664535,,,,,,,,
workload,100077.0,NORMAL,2.747959877940948,10.0,0.2747959877940948,,,,,,,,
workload,100078.0,STRESSED,4.427486449018758,14.0,0.31624903207276844,,,,,,,,
workload,100079.0,BURST,1.5798210792294316,32.0,0.04936940872591974,,,,,,,,
workload,100080.0,NORMAL,3.141506413836587,7.0,0.4487866305480838,,,,,,,,
workload,100081.0,NORMAL,2.1008148986427515,9.0,0.2334238776269724,,,,,,,,
workload,100082.0,NORMAL,2.550953647619491,7.0,0.3644219496599273,,,,,,,,
workload,100083.0,NORMAL,2.2013539283282206,5.0,0.44027078566564415,,,,,,,,
workload,100084.0,NORMAL,2.329163732929392,6.0,0.38819395548823205,,,,,,,,
workload,100085.0,NORMAL,3.8520599621353746,6.0,0.6420099936892291,,,,,,,,
workload,100086.0,NORMAL,2.83200988449414,17.0,0.1665888167349494,,,,,,,,
workload,100087.0,NORMAL,2.63943969657456,12.0,0.21995330804788002,,,,,,,,
workload,100088.0,NORMAL,2.598310098129175,9.0,0.2887011220143528,,,,,,,,
workload,100089.0,NORMAL,2.6416907577933038,8.0,0.33021134472416297,,,,,,,,
workload,100090.0,NORMAL,2.543041317223959,11.0,0.2311855742930872,,,,,,,,
workload,100091.0,NORMAL,2.7694576846597263,10.0,0.27694576846597263,,,,,,,,
workload,100092.0,NORMAL,2.718309357103259,7.0,0.3883299081576084,,,,,,,,
workload,100093.0,NORMAL,2.6867320618425437,19.0,0.14140695062329178,,,,,,,,
workload,100094.0,NORMAL,2.84710186181917,7.0,0.4067288374027386,,,,,,,,
workload,100095.0,NORMAL,2.8048187665424424,6.0,0.4674697944237404,,,,,,,,
workload,100096.0,NORMAL,2.8053544847579075,11.0,0.2550322258870825,,,,,,,,
workload,100097.0,NORMAL,3.0382831961561747,11.0,0.276207563286925,,,,,,,,
workload,100098.0,STRESSED,2.901203162750384,23.0,0.12613926794566888,,,,,,,,
workload,100099.0,STRESSED,2.9963928639733353,19.0,0.15770488757754397,,,,,,,,
workload,100100.0,STRESSED,3.2461226462142627,39.0,0.08323391400549392,,,,,,,,
workload,100101.0,STRESSED,3.026379293598121,22.0,0.13756269516355094,,,,,,,,
workload,100102.0,STRESSED,2.953690411185393,9.0,0.3281878234650437,,,,,,,,
workload,100103.0,STRESSED,4.309935929886316,10.0,0.4309935929886316,,,,,,,,
workload,100104.0,STRESSED,2.9768493015375976,20.0,0.14884246507687987,,,,,,,,
workload,100105.0,STRESSED,2.9736729997282,36.0,0.08260202777022778,,,,,,,,
workload,100106.0,BURST,2.9935570258162763,85.0,0.03521831795077972,,,,,,,,
workload,100107.0,STRESSED,4.32282107051687,24.0,0.1801175446048696,,,,,,,,
workload,100108.0,BURST,1.9950833108471817,46.0,0.04337137632276482,,,,,,,,
workload,100109.0,NORMAL,3.061025749816101,6.0,0.5101709583026836,,,,,,,,
workload,100110.0,NORMAL,2.656798623828385,14.0,0.18977133027345608,,,,,,,,
workload,100111.0,NORMAL,3.382034795687228,12.0,0.2818362329739357,,,,,,,,
workload,100112.0,STRESSED,3.120360153202942,12.0,0.26003001276691184,,,,,,,,
workload,100113.0,BURST,2.864075718163988,63.0,0.04546151933593632,,,,,,,,
workload,100114.0,BURST,1.728504401341119,46.0,0.03757618263785041,,,,,,,,
workload,100115.0,STRESSED,2.798811184528163,23.0,0.12168744280557231,,,,,,,,
workload,100116.0,STRESSED,3.52393077848873,7.0,0.5034186826412471,,,,,,,,
workload,100117.0,STRESSED,3.1994088014223507,24.0,0.13330870005926462,,,,,,,,
workload,100118.0,STRESSED,2.1784576146444694,15.0,0.14523050764296463,,,,,,,,
workload,100119.0,NORMAL,2.2483771112240576,15.0,0.14989180741493718,,,,,,,,
workload,100120.0,NORMAL,3.0089466829581535,7.0,0.42984952613687905,,,,,,,,
workload,100121.0,NORMAL,3.0901405852479,10.0,0.30901405852478997,,,,,,,,
workload,100122.0,NORMAL,2.8079121181363274,7.0,0.40113030259090393,,,,,,,,
workload,100123.0,NORMAL,2.6689824532064867,10.0,0.26689824532064865,,,,,,,,
workload,100124.0,STRESSED,2.6102956877512478,19.0,0.13738398356585516,,,,,,,,
workload,100125.0,STRESSED,2.762549869016874,14.0,0.19732499064406242,,,,,,,,
workload,100126.0,STRESSED,3.676603390638275,20.0,0.18383016953191375,,,,,,,,
workload,100127.0,BURST,2.5127023225050906,71.0,0.03539017355640973,,,,,,,,
workload,100128.0,NORMAL,3.5941889907153755,8.0,0.44927362383942193,,,,,,,,
workload,100129.0,NORMAL,3.2953438690758876,8.0,0.41191798363448595,,,,,,,,
workload,100130.0,NORMAL,3.1808424471149865,5.0,0.6361684894229973,,,,,,,,
workload,100131.0,NORMAL,2.2430726564499333,7.0,0.32043895092141905,,,,,,,,
workload,100132.0,NORMAL,2.8947609700443757,10.0,0.28947609700443755,,,,,,,,
workload,100133.0,NORMAL,2.060168112752652,9.0,0.228907568083628,,,,,,,,
workload,100134.0,NORMAL,2.8723378860325917,12.0,0.23936149050271596,,,,,,,,
workload,100135.0,BURST,1.8543328989693424,48.0,0.03863193539519463,,,,,,,,
workload,100136.0,NORMAL,2.7940869060925118,11.0,0.2540079005538647,,,,,,,,
workload,100137.0,NORMAL,2.660320569389129,10.0,0.2660320569389129,,,,,,,,
workload,100138.0,NORMAL,2.592832893734352,11.0,0.23571208124857745,,,,,,,,
workload,100139.0,NORMAL,2.6802094378494576,12.0,0.2233507864874548,,,,,,,,
workload,100140.0,NORMAL,2.326635704813847,5.0,0.4653271409627694,,,,,,,,
workload,100141.0,NORMAL,2.5058005571698625,12.0,0.20881671309748853,,,,,,,,
workload,100142.0,STRESSED,3.272657070507915,33.0,0.09917142637902773,,,,,,,,
workload,100143.0,BURST,2.0879284726809466,94.0,0.02221200502852071,,,,,,,,
workload,100144.0,STRESSED,2.7162936426722437,15.0,0.18108624284481625,,,,,,,,
workload,100145.0,STRESSED,2.6916002529994207,17.0,0.15832942664702476,,,,,,,,
workload,100146.0,STRESSED,4.304833966800264,11.0,0.39134854243638767,,,,,,,,
workload,100147.0,NORMAL,2.399198509733625,11.0,0.21810895543032952,,,,,,,,
workload,100148.0,STRESSED,2.271492152276632,31.0,0.07327394039602039,,,,,,,,
workload,100149.0,NORMAL,2.5495884943802203,6.0,0.42493141573003673,,,,,,,,
workload,100150.0,NORMAL,2.8615025467829764,8.0,0.35768781834787206,,,,,,,,
workload,100151.0,NORMAL,2.838939657641292,14.0,0.20278140411723514,,,,,,,,
workload,100152.0,NORMAL,2.276813919544089,13.0,0.17513953227262224,,,,,,,,
workload,100153.0,NORMAL,3.1072904029202744,10.0,0.3107290402920274,,,,,,,,
workload,100154.0,NORMAL,2.8344647177902886,18.0,0.15747026209946047,,,,,,,,
workload,100155.0,NORMAL,2.741008000703652,10.0,0.2741008000703652,,,,,,,,
workload,100156.0,NORMAL,2.4559672513814417,10.0,0.24559672513814418,,,,,,,,
workload,100157.0,NORMAL,2.822629748602672,7.0,0.40323282122895315,,,,,,,,
workload,100158.0,NORMAL,2.1196309380018667,6.0,0.3532718230003111,,,,,,,,
workload,100159.0,NORMAL,2.6243073894805056,18.0,0.1457948549711392,,,,,,,,
workload,100160.0,NORMAL,2.4218920318460073,10.0,0.24218920318460074,,,,,,,,
workload,100161.0,NORMAL,2.6270888695815655,10.0,0.26270888695815653,,,,,,,,
workload,100162.0,NORMAL,2.60984017005821,13.0,0.20075693615832385,,,,,,,,
workload,100163.0,NORMAL,2.7203503780826614,22.0,0.12365228991284825,,,,,,,,
workload,100164.0,NORMAL,3.2283970373782935,9.0,0.3587107819309215,,,,,,,,
workload,100165.0,STRESSED,3.126077503910129,19.0,0.16453039494263838,,,,,,,,
workload,100166.0,STRESSED,3.4125309996364246,14.0,0.2437522142597446,,,,,,,,
workload,100167.0,STRESSED,3.526294009866762,27.0,0.1306034818469171,,,,,,,,
workload,100168.0,BURST,2.2780191726910366,38.0,0.059947872965553595,,,,,,,,
workload,100169.0,NORMAL,2.6194365393689125,13.0,0.20149511841299328,,,,,,,,
workload,100170.0,NORMAL,2.6109838800197616,4.0,0.6527459700049404,,,,,,,,
workload,100171.0,NORMAL,3.2016409254510165,12.0,0.2668034104542514,,,,,,,,
workload,100172.0,NORMAL,2.2698178483932296,3.0,0.7566059494644098,,,,,,,,
workload,100173.0,STRESSED,4.8825845579951705,24.0,0.20344102324979876,,,,,,,,
workload,100174.0,STRESSED,3.4339611109764094,10.0,0.34339611109764095,,,,,,,,
workload,100175.0,STRESSED,3.2152526685903595,19.0,0.1692238246626505,,,,,,,,
workload,100176.0,STRESSED,3.36031977548694,27.0,0.12445628798099778,,,,,,,,
workload,100177.0,NORMAL,3.0275019756386254,16.0,0.1892188734774141,,,,,,,,
workload,100178.0,NORMAL,2.4436101642261123,14.0,0.17454358315900803,,,,,,,,
workload,100179.0,NORMAL,3.217029978690643,8.0,0.40212874733633036,,,,,,,,
workload,100180.0,NORMAL,2.7615118403917056,10.0,0.27615118403917055,,,,,,,,
workload,100181.0,NORMAL,2.6027993598882886,6.0,0.43379989331471475,,,,,,,,
workload,100182.0,STRESSED,3.4260915138408214,10.0,0.34260915138408216,,,,,,,,
workload,100183.0,STRESSED,2.8662976020400714,34.0,0.0843028706482374,,,,,,,,
workload,100184.0,STRESSED,2.7412613480618844,9.0,0.3045845942290983,,,,,,,,
workload,100185.0,BURST,2.2245022444278235,41.0,0.054256152303117644,,,,,,,,
workload,100186.0,STRESSED,3.068984493959607,22.0,0.13949929517998214,,,,,,,,
workload,100187.0,STRESSED,3.586701347377066,27.0,0.13284079064359502,,,,,,,,
workload,100188.0,BURST,2.366250627077291,53.0,0.04464623824674134,,,,,,,,
workload,100189.0,BURST,2.0804436532263852,38.0,0.05474851719016803,,,,,,,,
workload,100190.0,STRESSED,2.622669571107131,11.0,0.23842450646428465,,,,,,,,
workload,100191.0,STRESSED,2.8792251500907997,13.0,0.2214788576992923,,,,,,,,
workload,100192.0,STRESSED,3.3540652685646806,21.0,0.15971739374117527,,,,,,,,
workload,100193.0,NORMAL,3.0283628127948297,12.0,0.25236356773290247,,,,,,,,
workload,100194.0,NORMAL,2.5134342941727943,11.0,0.2284940267429813,,,,,,,,
workload,100195.0,NORMAL,2.284677162645666,9.0,0.25385301807174065,,,,,,,,
workload,100196.0,NORMAL,2.440094152428402,10.0,0.2440094152428402,,,,,,,,
workload,100197.0,BURST,2.765543611033941,89.0,0.031073523719482483,,,,,,,,
workload,100198.0,BURST,2.2766176793675506,12.0,0.1897181399472959,,,,,,,,
workload,100199.0,BURST,1.99619768979753,25.0,0.0798479075919012,,,,,,,,
workload,100200.0,NORMAL,3.454492589217804,6.0,0.575748764869634,,,,,,,,
network,,,,,0.017440783410138248,flood,3.3364000743538456,2432.0,4140184.350233363,1.0,1.9211981566820278,0.0035,1.0
network,,,,,0.017440783410138248,adaptive_weighted_k8,3.0559304929335185,1279.0,1967513.6423639029,1.0,1.9211981566820278,0.0035,1.0
network,,,,,0.017440783410138248,adaptive_weighted_k8_guarded,5.25464229033501,1271.0,1762794.170101431,0.99375,1.9211981566820278,0.0035,1.0
network,,,,,0.017440783410138248,selective_k6,2.9699251793457075,960.0,1493903.8838030838,1.0,1.9211981566820278,0.0035,1.0
network,,,,,0.017440783410138248,selective_k8,3.0559304929335185,1279.0,2333136.9537261613,1.0,1.9211981566820278,0.0035,1.0
network,,,,,0.017440783410138248,selective_k10,3.1839717435146855,1585.0,2840526.6859511207,1.0,1.9211981566820278,0.0035,1.0
